{
  "IcoMoonType": "selection",
  "icons": [
    {
      "icon": {
        "paths": [
          "M527.059 1024c282.768 0 512-229.229 512-512 0-282.77-229.232-512-512-512-282.77 0-512 229.23-512 512 0 282.771 229.23 512 512 512z",
          "M669.318 511.405h-83.523v307.792h-126.55v-307.792h-60.186v-108.17h60.186v-70c0-50.055 23.638-128.438 127.677-128.438l93.738 0.395v104.998h-68.013c-11.158 0-26.845 5.606-26.845 29.484v63.661h94.573l-11.056 108.070z"
        ],
        "attrs": [
          {
            "fill": "rgb(254, 165, 187)"
          },
          {
            "fill": "rgb(255, 255, 255)"
          }
        ],
        "width": 1056,
        "isMulticolor": true,
        "isMulticolor2": false,
        "grid": 0,
        "tags": [
          "facebook"
        ],
        "colorPermutations": {
          "25416518712552552551": [
            {
              "f": 0
            },
            {
              "f": 1
            }
          ]
        }
      },
      "attrs": [
        {
          "fill": "rgb(254, 165, 187)"
        },
        {
          "fill": "rgb(255, 255, 255)"
        }
      ],
      "properties": {
        "order": 13,
        "id": 2,
        "name": "facebook",
        "prevSize": 32
      },
      "setIdx": 0,
      "setId": 11,
      "iconIdx": 0
    },
    {
      "icon": {
        "paths": [
          "M1024 512c0 282.77-229.23 512-512 512s-512-229.23-512-512c0-282.77 229.23-512 512-512s512 229.23 512 512z",
          "M512 210.82c-165.424 0-301.177 135.753-301.177 301.177 0 141.162 99.053 269.392 230.588 301.178v-99.642c-13.034 2.851-25.027 2.934-38.294-0.976-17.798-5.251-32.262-17.107-42.995-35.187-6.845-11.546-18.973-24.064-31.622-23.142l-3.104-35.158c27.36-2.342 51.027 16.669 65.075 40.272 6.24 10.496 13.424 16.65 22.643 19.37 8.909 2.624 18.477 1.366 29.626-2.573 2.8-22.32 13.024-30.675 20.749-42.442v-0.016c-78.445-11.702-109.709-53.318-122.118-86.17-16.442-43.616-7.619-98.106 21.456-132.541 0.566-0.672 1.587-2.426 1.19-3.654-13.331-40.269 2.915-73.584 3.514-77.117 15.386 4.55 17.885-4.576 66.832 25.162l8.461 5.082c3.539 2.109 2.426 0.906 5.965 0.64 20.438-5.552 41.981-8.618 63.21-8.893 21.386 0.275 42.794 3.341 64.074 9.117l2.739 0.275c-0.237-0.035 0.746-0.173 2.397-1.158 61.142-37.034 58.947-24.931 75.344-30.262 0.592 3.539 16.621 37.395 3.434 77.155-1.779 5.478 53.008 55.648 22.64 136.182-12.406 32.864-43.667 74.48-122.112 86.182v0.016c10.054 15.328 22.134 23.478 22.070 55.098v124.381c131.539-31.786 230.589-160.016 230.589-301.178 0.006-165.424-135.747-301.177-301.171-301.177z"
        ],
        "attrs": [
          {
            "fill": "rgb(254, 165, 187)"
          },
          {
            "fill": "rgb(255, 255, 255)"
          }
        ],
        "isMulticolor": true,
        "isMulticolor2": false,
        "grid": 0,
        "tags": [
          "github"
        ],
        "colorPermutations": {
          "25416518712552552551": [
            {
              "f": 0
            },
            {
              "f": 1
            }
          ]
        }
      },
      "attrs": [
        {
          "fill": "rgb(254, 165, 187)"
        },
        {
          "fill": "rgb(255, 255, 255)"
        }
      ],
      "properties": {
        "order": 14,
        "id": 1,
        "name": "github",
        "prevSize": 32
      },
      "setIdx": 0,
      "setId": 11,
      "iconIdx": 1
    },
    {
      "icon": {
        "paths": [
          "M1031.53 512c0 282.77-229.23 512-512 512s-512-229.23-512-512c0-282.77 229.23-512 512-512s512 229.23 512 512z",
          "M419.28 588.010l-10.163 133.418c14.541 0 20.838-5.83 28.39-12.829l68.176-60.81 141.264 96.554c25.907 13.475 44.16 6.378 51.149-22.246l92.752-405.538c8.218-35.744-13.85-49.722-39.091-40.953l-545.038 194.754c-37.198 13.475-36.635 32.829-6.324 41.597l139.346 40.451 323.667-189.018c15.232-9.414 29.082-4.205 17.69 5.21l-261.818 219.411z"
        ],
        "attrs": [
          {
            "fill": "rgb(254, 165, 187)"
          },
          {
            "fill": "rgb(255, 255, 255)"
          }
        ],
        "width": 1056,
        "isMulticolor": true,
        "isMulticolor2": false,
        "grid": 0,
        "tags": [
          "telegram"
        ],
        "colorPermutations": {
          "25416518712552552551": [
            {
              "f": 0
            },
            {
              "f": 1
            }
          ]
        }
      },
      "attrs": [
        {
          "fill": "rgb(254, 165, 187)"
        },
        {
          "fill": "rgb(255, 255, 255)"
        }
      ],
      "properties": {
        "order": 15,
        "id": 0,
        "name": "telegram",
        "prevSize": 32
      },
      "setIdx": 0,
      "setId": 11,
      "iconIdx": 2
    }
  ],
  "height": 1024,
  "preferences": {
    "showGlyphs": true,
    "showQuickUse": true,
    "showQuickUse2": true,
    "showSVGs": true,
    "fontPref": {
      "prefix": "icon-",
      "metadata": {
        "fontFamily": "icomoon"
      },
      "metrics": {
        "emSize": 1024,
        "baseline": 6.25,
        "whitespace": 50
      },
      "embed": false
    },
    "imagePref": {
      "prefix": "icon-",
      "png": false,
      "useClassSelector": true,
      "color": 0,
      "bgColor": 16777215,
      "classSelector": ".icon",
      "name": "icomoon",
      "height": 32,
      "columns": 16,
      "margin": 16
    },
    "historySize": 50,
    "showCodes": true,
    "gridSize": 16
  }
}